email,active_subscription,expiry,plan,email_disabled,created_at,first_payment_at
stp043@comcast.net,false,,other,false,2024-09-13T18:44:05.278Z,
sugaplumjo@comcast.net,false,,other,false,2024-09-13T18:44:05.278Z,
shawnj556@gmail.com,false,,other,false,2024-10-22T04:00:10.586Z,
playballrd@aol.com,false,,other,false,2024-10-22T09:13:00.746Z,
Dianelboyd@comcast.net,false,,other,false,2024-09-13T18:44:05.278Z,
cabingirl2005@gmail.com,false,,other,false,2024-09-13T18:44:05.278Z,
chunterbockes@hotmail.com,false,,other,false,2024-09-13T18:44:05.278Z,
davebockes@jetbroadband.com,false,,other,false,2024-09-13T18:44:05.278Z,
deneil@harvell.us,false,,other,false,2024-09-13T18:44:05.278Z,
devkotamelissa@gmail.com,false,,other,false,2024-09-13T18:44:05.278Z,
gsud@appareletc.net,false,,other,false,2024-09-13T18:44:05.278Z,
hyltonbandmom@hotmail.com,false,,other,false,2024-09-13T18:44:05.278Z,
odbockes@gmail.com,false,,other,false,2024-09-13T18:44:05.278Z,
pusadevkota@gmail.com,false,,other,false,2024-09-13T18:44:05.278Z,
rickbockes@yahoo.com,false,,other,false,2024-09-13T18:44:05.278Z,
trinidadmom49@yahoo.com,false,,other,false,2024-09-13T18:44:05.278Z,
marycranebockes@rocketmail.com,false,,other,false,2024-09-24T23:07:54.203Z,
davidrjoyce90@gmail.com,false,,other,false,2024-10-17T10:47:14.919Z,
caleb.green@me.com,false,,other,false,2024-10-21T23:27:49.400Z,
devkotamanohar@gmail.com,false,,other,false,2024-10-22T14:47:01.293Z,
pushpadevkota01@gmail.com,false,,other,false,2024-10-22T15:55:02.856Z,
