post_id,timestamp,email,post_type,post_audience,active_subscription,country,city,region,device_type,client_os,client_type,user_agent
148828092,2024-09-17T09:28:41.474Z,deneil@harvell.us,newsletter,everyone,true,US,,,,,,Mozilla/5.0
148828092,2024-09-17T09:57:47.684Z,rickbockes@yahoo.com,newsletter,everyone,true,US,,,,,,Mozilla/5.0
148828092,2024-09-17T10:04:10.629Z,gsud@appareletc.net,newsletter,everyone,true,US,,,,,,Mozilla/5.0
148828092,2024-09-17T10:24:05.363Z,deneil@harvell.us,newsletter,everyone,true,US,,,,,,Mozilla/5.0
148828092,2024-09-17T10:27:08.088Z,devkotamelissa@gmail.com,newsletter,everyone,true,US,,,,,,Mozilla/5.0
148828092,2024-09-17T11:11:21.914Z,trinidadmom49@yahoo.com,newsletter,everyone,true,US,,,,,,YahooMailProxy; https://help.yahoo.com/kb/yahoo-mail-proxy-SLN28749.html
148828092,2024-09-17T11:56:17.801Z,odbockes@gmail.com,newsletter,everyone,true,US,,,,,,Mozilla/5.0
148828092,2024-09-17T12:24:15.470Z,davebockes@jetbroadband.com,newsletter,everyone,true,US,,,,,,Mozilla/5.0
148828092,2024-09-17T14:31:37.744Z,stp043@comcast.net,newsletter,everyone,true,US,,,,,,"Mozilla/5.0 (Windows NT 10.0; Win64; x64) AppleWebKit/537.36 (KHTML, like Gecko) Chrome/128.0.0.0 Safari/537.36 Edg/128.0.0.0"
148828092,2024-09-17T14:59:56.164Z,Dianelboyd@comcast.net,newsletter,everyone,true,US,,,,,,"Mozilla/5.0 (Macintosh; Intel Mac OS X 10_15_7) AppleWebKit/605.1.15 (KHTML, like Gecko) Version/17.5 Safari/605.1.15"
148828092,2024-09-17T14:59:58.099Z,Dianelboyd@comcast.net,newsletter,everyone,true,US,,,,,,"Mozilla/5.0 (Macintosh; Intel Mac OS X 10_15_7) AppleWebKit/605.1.15 (KHTML, like Gecko) Version/17.5 Safari/605.1.15"
148828092,2024-09-18T00:31:03.700Z,rickbockes@yahoo.com,newsletter,everyone,true,US,,,,,,"Mozilla/5.0 (Macintosh; Intel Mac OS X 10_15_7) AppleWebKit/605.1.15 (KHTML, like Gecko)"
148828092,2024-09-19T22:46:22.502Z,rickbockes@yahoo.com,newsletter,everyone,true,US,,,,,,Mozilla/5.0
148828092,2024-09-20T00:27:46.598Z,rickbockes@yahoo.com,newsletter,everyone,true,US,,,,,,Mozilla/5.0
148828092,2024-09-20T23:19:30.043Z,rickbockes@yahoo.com,newsletter,everyone,true,US,,,,,,Mozilla/5.0
148828092,2024-09-21T00:23:50.778Z,deneil@harvell.us,newsletter,everyone,true,US,,,,,,Mozilla/5.0
148828092,2024-09-22T20:24:09.375Z,devkotamelissa@gmail.com,newsletter,everyone,true,US,,,,,,Mozilla/5.0 (Windows NT 5.1; rv:11.0) Gecko Firefox/11.0 (via ggpht.com GoogleImageProxy)
148828092,2024-09-22T22:47:28.322Z,devkotamelissa@gmail.com,newsletter,everyone,true,US,,,,,,Mozilla/5.0
148828092,2024-09-23T01:45:21.148Z,davebockes@jetbroadband.com,newsletter,everyone,true,US,,,,,,Mozilla/5.0
