post_id,timestamp,email,post_type,post_audience,active_subscription
148814617,2024-09-15T09:17:59.205Z,brendanbockes@gmail.com,newsletter,everyone,false
148814617,2024-09-15T09:17:59.324Z,stp043@comcast.net,newsletter,everyone,true
148814617,2024-09-15T09:17:59.471Z,sugaplumjo@comcast.net,newsletter,everyone,true
148814617,2024-09-15T09:17:59.655Z,pusadevkota@gmail.com,newsletter,everyone,true
148814617,2024-09-15T09:17:59.662Z,cabingirl2005@gmail.com,newsletter,everyone,true
148814617,2024-09-15T09:17:59.713Z,hyltonbandmom@hotmail.com,newsletter,everyone,true
148814617,2024-09-15T09:17:59.731Z,devkotamelissa@gmail.com,newsletter,everyone,true
148814617,2024-09-15T09:17:59.761Z,rickbockes@yahoo.com,newsletter,everyone,true
148814617,2024-09-15T09:17:59.839Z,trinidadmom49@yahoo.com,newsletter,everyone,true
148814617,2024-09-15T09:17:59.946Z,Dianelboyd@comcast.net,newsletter,everyone,true
148814617,2024-09-15T09:17:59.959Z,odbockes@gmail.com,newsletter,everyone,true
148814617,2024-09-15T09:18:00.125Z,chunterbockes@hotmail.com,newsletter,everyone,true
148814617,2024-09-15T09:18:01.390Z,davebockes@jetbroadband.com,newsletter,everyone,true
148814617,2024-09-15T09:18:20.650Z,deneil@harvell.us,newsletter,everyone,true
148814617,2024-09-15T09:28:10.874Z,gsud@appareletc.net,newsletter,everyone,true
