post_id,timestamp,email,post_type,post_audience,active_subscription,country,city,region,device_type,client_os,client_type,user_agent
148814617,2024-09-15T09:18:49.226Z,deneil@harvell.us,newsletter,everyone,true,US,,,,,,Mozilla/5.0
148814617,2024-09-15T09:39:56.145Z,deneil@harvell.us,newsletter,everyone,true,US,,,,,,Mozilla/5.0
148814617,2024-09-15T09:44:23.212Z,devkotamelissa@gmail.com,newsletter,everyone,true,US,,,,,,Mozilla/5.0
148814617,2024-09-15T09:55:17.724Z,rickbockes@yahoo.com,newsletter,everyone,true,US,,,,,,Mozilla/5.0
148814617,2024-09-15T10:10:27.471Z,gsud@appareletc.net,newsletter,everyone,true,US,,,,,,Mozilla/5.0
148814617,2024-09-15T10:16:40.225Z,trinidadmom49@yahoo.com,newsletter,everyone,true,US,,,,,,YahooMailProxy; https://help.yahoo.com/kb/yahoo-mail-proxy-SLN28749.html
148814617,2024-09-15T10:18:10.415Z,trinidadmom49@yahoo.com,newsletter,everyone,true,US,,,,,,YahooMailProxy; https://help.yahoo.com/kb/yahoo-mail-proxy-SLN28749.html
148814617,2024-09-15T10:32:18.094Z,deneil@harvell.us,newsletter,everyone,true,US,,,,,,Mozilla/5.0
148814617,2024-09-15T10:38:55.383Z,sugaplumjo@comcast.net,newsletter,everyone,true,US,,,,,,"Mozilla/5.0 (Windows NT 10.0; Win64; x64) AppleWebKit/537.36 (KHTML, like Gecko) Chrome/128.0.0.0 Safari/537.36"
148814617,2024-09-15T15:20:07.926Z,odbockes@gmail.com,newsletter,everyone,true,US,,,,,,Mozilla/5.0
148814617,2024-09-15T15:20:07.927Z,davebockes@jetbroadband.com,newsletter,everyone,true,US,,,,,,Mozilla/5.0
148814617,2024-09-15T15:20:53.811Z,davebockes@jetbroadband.com,newsletter,everyone,true,US,,,,,,Mozilla/5.0
148814617,2024-09-15T18:44:05.325Z,Dianelboyd@comcast.net,newsletter,everyone,true,US,,,,,,"Mozilla/5.0 (Macintosh; Intel Mac OS X 10_15_7) AppleWebKit/605.1.15 (KHTML, like Gecko) Version/17.5 Safari/605.1.15"
148814617,2024-09-15T18:44:08.382Z,Dianelboyd@comcast.net,newsletter,everyone,true,US,,,,,,"Mozilla/5.0 (Macintosh; Intel Mac OS X 10_15_7) AppleWebKit/605.1.15 (KHTML, like Gecko) Version/17.5 Safari/605.1.15"
148814617,2024-09-15T20:00:49.687Z,stp043@comcast.net,newsletter,everyone,true,US,,,,,,"Mozilla/5.0 (iPhone; CPU iPhone OS 17_6_1 like Mac OS X) AppleWebKit/605.1.15 (KHTML, like Gecko) Version/17.6 Mobile/15E148 Safari/604.1"
148814617,2024-09-15T20:00:49.795Z,stp043@comcast.net,newsletter,everyone,true,US,,,,,,"Mozilla/5.0 (iPhone; CPU iPhone OS 17_6_1 like Mac OS X) AppleWebKit/605.1.15 (KHTML, like Gecko) Version/17.6 Mobile/15E148 Safari/604.1"
148814617,2024-09-18T00:50:48.721Z,rickbockes@yahoo.com,newsletter,everyone,true,US,,,,,,"Mozilla/5.0 (Macintosh; Intel Mac OS X 10_15_7) AppleWebKit/605.1.15 (KHTML, like Gecko)"
148814617,2024-09-20T23:19:30.043Z,rickbockes@yahoo.com,newsletter,everyone,true,US,,,,,,Mozilla/5.0
148814617,2024-09-25T16:03:34.620Z,rickbockes@yahoo.com,newsletter,everyone,true,US,,,,,,"Mozilla/5.0 (Macintosh; Intel Mac OS X 10_15_7) AppleWebKit/605.1.15 (KHTML, like Gecko)"
148814617,2024-09-25T16:04:55.150Z,rickbockes@yahoo.com,newsletter,everyone,true,US,,,,,,"Mozilla/5.0 (Macintosh; Intel Mac OS X 10_15_7) AppleWebKit/605.1.15 (KHTML, like Gecko)"
148814617,2024-09-25T16:09:25.122Z,rickbockes@yahoo.com,newsletter,everyone,true,US,,,,,,"Mozilla/5.0 (Macintosh; Intel Mac OS X 10_15_7) AppleWebKit/605.1.15 (KHTML, like Gecko)"
148814617,2024-10-13T04:42:50.953Z,rickbockes@yahoo.com,newsletter,everyone,true,US,,,,,,Mozilla/5.0
