post_id,timestamp,email,post_type,post_audience,active_subscription
148828092,2024-09-17T09:28:11.270Z,stp043@comcast.net,newsletter,everyone,true
148828092,2024-09-17T09:28:11.340Z,sugaplumjo@comcast.net,newsletter,everyone,true
148828092,2024-09-17T09:28:11.395Z,cabingirl2005@gmail.com,newsletter,everyone,true
148828092,2024-09-17T09:28:11.446Z,devkotamelissa@gmail.com,newsletter,everyone,true
148828092,2024-09-17T09:28:11.494Z,chunterbockes@hotmail.com,newsletter,everyone,true
148828092,2024-09-17T09:28:11.505Z,Dianelboyd@comcast.net,newsletter,everyone,true
148828092,2024-09-17T09:28:11.572Z,odbockes@gmail.com,newsletter,everyone,true
148828092,2024-09-17T09:28:11.892Z,brendanbockes@gmail.com,newsletter,everyone,false
148828092,2024-09-17T09:28:11.909Z,pusadevkota@gmail.com,newsletter,everyone,true
148828092,2024-09-17T09:28:11.937Z,hyltonbandmom@hotmail.com,newsletter,everyone,true
148828092,2024-09-17T09:28:11.978Z,trinidadmom49@yahoo.com,newsletter,everyone,true
148828092,2024-09-17T09:28:12.183Z,rickbockes@yahoo.com,newsletter,everyone,true
148828092,2024-09-17T09:28:13.121Z,davebockes@jetbroadband.com,newsletter,everyone,true
148828092,2024-09-17T09:28:15.597Z,deneil@harvell.us,newsletter,everyone,true
148828092,2024-09-17T09:53:30.903Z,gsud@appareletc.net,newsletter,everyone,true
